Supplier Product Code,Base Price,On-Shelf Price,Promo Price,Type Of Promo,R.S.P.,P.O.R,Other,,,,Description,Category,SKU,Description2,Pack Size
B000N1XPEY,1.15,0.99,,,,,,,,,"Hovis Soft White Thick Bread, 800g",,,,
B000NM75KI,7.90,7.39,,,,,,,,,Robert Scott Tea Towels with a Coloured Check Design | Pack of 10 | Assorted Colours | Machine Washable | Absorbent Fabric,,,,
B000QU95XW,,1.05,,,,,,,,,"Clover Spread, 500g",,,,
B000UE2YVE,1.50,1.20,,,,,,,,,"Pepsi Max No Sugar Bottle, 2L",,,,
B0012344GK,,5.99,,,,,,,,,"Addis 90L Plastic Refuse Sacks Black, 20 Each",,,,
B00133IMYO,,1.40,,,,,,,,,"Alpro Fresh Soya Original Milk Alternative, 1L",,,,
B001B9527U,,1.45,,,,,,,,,Warburtons 12 Sld White Rolls,,,,
B001PTIRL4,,5.00,,,,,,,,,"Echo Falls White Wine, 75cl",,,,
B001QIK82U,2.00,1.70,,,,,,,,,"Lurpak Unsalted Butter, 250 g",,,,
B002E2LSQ2,,2.00,,,,,,,,,"Napolina Peeled Plum Tomatoes, 4 x 400g",,,,
B002E2LTUC,,2.05,,,,,,,,,"Lyles Golden Syrup, 907g",,,,
B002E2ONPA,2.16,1.55,,,,,,,,,"Homepride Plain Flour, 1kg",,,,
B002E2SOEG,,1.90,,,,,,,,,"Homepride Flour Self Raising, 1 kg",,,,
B002NF3642,8.99,6.48,,,,,,,,,"Campo Viejo Tempranillo, 75cl",,,,
B002VPUPMA,,21.49,,,,,,,,,"Cointreau Liqueur, 70cl",,,,
B003022602,,5.00,,,,,,,,,"Echo Falls Red Wine, 75cl",,,,
B0038APT6Y,,15.76,,,,,,,,,"Luxardo Sambuca Liquor, 70cl",,,,
B003A8F2D4,8.00,3.50,,,,,,,,,"Filippo Berio Extra Virgin Olive Oil, 750ml",,,,
B003BQISA4,,1.60,,,,,,,,,"Heinz Tomato Ketchup, 460g",,,,
B003U4BOZI,,1.50,,,,,,,,,"Robinsons Fruit Shoot Fruit Juice Orange, 8x200ml",,,,
B003XWP9O4,9.99,9.00,,,,,,,,,"Oyster Bay Sauvignon Blanc Marlborough, 75cl",,,,
B0042QQNJ0,1.15,0.99,,,,,,,,,"Hovis Medium Soft White Bread, 800g",,,,
B0042QZQA2,3.75,3.00,,,,,,,,,"Lurpak Slightly Salted Spreadable, 500 g",,,,
B00439VO6I,21.50,17.00,,,,,,,,,"Smirnoff Red Label Vodka, 1L",,,,
B0043A4ISS,,63.01,,,,,,,,,"Courvoisier VS Cognac, 150 cl",,,,
B0043XEQPU,,5.25,,,,,,,,,"Gallo Family California White Zinfandel Rose Wine, 75cl",,,,
B004BFHRQ0,2.95,2.53,,,,,,,,,"Nutella Hazelnut Chocolate Spread, 400g",,,,
B004EAIWHA,21.00,19.09,,,,,,,,,"Jose Cuervo Especial Reposado Tequila, 70cl",,,,
B004IZOYRI,,6.99,,,,,,,,,"JP Chenet Cabernet Syrah Red, 750ml",,,,
B004VD3RX4,1.00,0.89,,,,,,,,,"Hovis Digestive Biscuits with Wheatgerm, 250g",,,,
B004W81EPG,1.99,1.70,,,,,,,,,"Lurpak Slightly Salted Butter, 250 g",,,,
B0054E8S4C,,4.05,,,,,,,,,"Holsten Pils Premium Lager, 4x440ml",,,,
B0057P2D1C,9.99,6.75,,,,,,,,,"Kumala Zenith Chenin Blanc Chardonnay, 75cl",,,,
B005EFU9X4,1.50,1.00,,,,,,,,,"Doritos Chilli Tortilla Chips Multipack, 6 x 30g",,,,
B006DRNUGU,,1.45,,,,,,,,,"Mackays Vintage Orange Marmalade, 340g",,,,
B006VD2QFW,,26.99,,,,,,,,,"Bombay Sapphire, Premium Dry Gin - 70cl",,,,
B007OU31AU,,1.60,,,,,,,,,"Innis & Gunn Original Oak Aged Beer, 330ml",,,,
B007YZ4TC4,,1.40,,,,,,,,,"Ocean Spray Smooth Cranberry Sauce, 250g",,,,
B0082L5WDY,,2.00,,,,,,,,,"Mr Porky Prime Cut Scratchings, 90g",,,,
B0083R6PDS,,8.00,,,,,,,,,Wolf Blass Yellow Label Cabernet Sauvignon Australian Red Wine,,,,
B0088YDCGY,11.49,9.00,,,,,,,,,"Wagg Dog Food Complete Chicken and Veg, 12kg",,,,
B008HEWD7O,6.99,4.86,,,,,,,,,"Blossom Hill White Zinfandel, 75cl",,,,
B008HF26MK,,1.77,,,,,,,,,"Kopparberg Premium Cider with Elderflower and Lime Beer, 50 cl",,,,
B008ODU3L6,1.60,1.50,,,,,,,,,"Maltesers Chocolate Bags Multipack, 3 x 37g",,,,
B008RM8YOW,20.50,16.99,,,,,,,,,"Captain Morgan Spiced Rum, 1L",,,,
B008TMIO2M,4.49,3.50,,,,,,,,,"Nutella Hazelnut Spread with Cocoa, Jar, 750g",,,,
B009DG6790,,1.50,,,,,,,,,"Kelkin Gluten Free Jaffa Cakes, 150g",,,,
B009LHTVQW,,1.77,,,,,,,,,"Kopparberg Strawberry and Lime Cider Bottle, 50cl",,,,
B009YSEAU0,,2.50,,,,,,,,,"Marigold Extra Life Kitchen Gloves, Medium",,,,
B009Z2GJCW,,37.99,,,,,,,,,"St. Jacob Liebfraumilch White Wine, 75 cl, Case of 6",,,,
B00AC2N56W,1.50,1.45,,,,,,,,,"Heinz Tomato Ketchup, 342g",,,,
B00BVJKT6E,5.00,4.79,,,,,,,,,"KTC Vegetable Oil, 5L",,,,
B00CKR1N8O,,14.62,,,,,,,,,"Messer Schmitt Herbal Schnapps, 70cl",,,,
B00CL8O4X8,,1.24,,,,,,,,,"Morrisons Cherries and Berries No Added Sugar Double Concentrate, 1.5L",,,,
B00CTVRRYU,5.50,4.00,,,,,,,,,"Cathedral City Mature Cheddar Cheese, 550g",,,,
B00DB5QTQ0,,2.00,,,,,,,,,"Morrisons Wafer Thin Honey Roast Ham Slices, 400g",,,,
B00DQACIZG,,3.99,,,,,,,,,"Caterpack 80 Pack Plastic Shot Glasses 2cl, 24.1 x 7.5 x 3.7 cm",,,,
B00DTQE8ZA,,1.49,,,,,,,,,"Sharp's Brewery Doom Bar Ale, 50cl",,,,
B00GKG2LHI,,1.09,,,,,,,,,"Morrisons Whole British Milk, 4 pints 2.27L",,,,
B00GSR4FLO,,4.99,,,,,,,,,"Booths Espresso Roast Coffee Beans, 227g",,,,
B00HT9RBES,,1.00,,,,,,,,,"Morrisons Burger Relish, 310g",,,,
B00ISCR8LG,,3.00,,,,,,,,,"Cathedral City Mild Cheddar, 350g",,,,
B00ISCSYXC,4.49,4.25,,,,,,,,,"Young's Gastro Wholetail Scampi, 220g (Frozen)",,,,
B00J7YH0B2,,0.75,,,,,,,,,"Morrisons Savers Oats, 1 kg",,,,
B00KL8LMHQ,7.99,6.00,,,,,,,,,"Casillero del Diablo Cabernet Sauvignon, 75cl",,,,
B00LMHGZ0E,,1.30,,,,,,,,,"Melis Pickled Gherkins, 680g",,,,
B00LPPNRLS,,1.25,,,,,,,,,"Flora Original Spread, 500g",,,,
B00LR1B8UC,2.18,1.90,,,,,,,,,"Oxo 24 Vegetable Stock Cubes, 142g",,,,
B00LTMV7TG,,6.00,,,,,,,,,"Pepsi Cans, 12x330ml",,,,
B00M0NTMWM,,27.99,,,,,,,,,"Chateau Fortia Chateauneuf-Du-Pape Red Wine, 75cl",,,,
B00M3QE4T2,,1.18,,,,,,,,,"Delverde Farfalle, 500 g",,,,
B00N9UOBXK,,1.30,,,,,,,,,Cirio Passata Sieved Tomatoes,,,,
B00OA6JDBM,18.49,14.00,,,,,,,,,Edinburgh Gin Rhubarb and Ginger Pink Gin Liqueur 50 cl,,,,
B00OCZXPLK,36.00,30.00,,,,,,,,,"Warner's Rhubarb Gin, 70 cl",,,,
B00OZEOV9I,10.95,10.20,,,,,,,,,"Pringles Original Flavour Potato Chips, Pack of 12",,,,
B00P1NPOXO,,0.85,,,,,,,,,"Morrisons Bolognese Sauce, 725g",,,,
B00P295Y3W,,2.00,,,,,,,,,"Morrisons Quiche Lorraine, 400g",,,,
B00QR1KNQM,,1.80,,,,,,,,,"Birds Eye 4 Original Beef Burgers with Onion, 227g (Frozen)",,,,
B00WQY688Q,1.45,1.35,,,,,,,,,"PG Tips Original Tea Bags, Pack of 40",,,,
B00WUH9RP0,,2.50,,,,,,,,,Extra Peppermint Sugarfree Chewing Gum Multipack 3 x 10 Pieces (42 g),,,,
B00X67JD6G,,20.99,,,,,,,,,5 X XEROX A4 COPIER PAPER 80GM/500SHEETA4 | 5 PACK BUNDLE,,,,
B00XHDT0RQ,3.00,1.50,,,,,,,,,"Mr Muscle Window & Glass Cleaner, Advanced Power Cleaning Spray for Streak Free Shine, 750 ml",,,,
B00XJAC83U,5.50,4.00,,,,,,,,,"Cathedral City Extra Mature Cheddar Cheese, 550g",,,,
B00XJAHC86,,0.65,,,,,,,,,"Yeo Valley Greek Style Organic Natural Yoghurt, 150g",,,,
B00Y3OIZ8S,,5.99,,,,,,,,,"Hardys Stamp Cabernet Merlot Wine, 75cl",,,,
B00Z5ZN3RW,,2.68,,,,,,,,,"Houghton Hams Free Range Gammon Steak, 227g",,,,
B00Z6SJRC8,1.15,0.99,,,,,,,,,"Hovis Best Of Both Thick White Bread, 750g",,,,
B0111Y8FJ6,,1.65,,,,,,,,,"McCain Mashed Potato, 650g (Frozen)",,,,
B0111YABRU,,2.60,,,,,,,,,"McCain Sweet Potato Fries, 500g (Frozen)",,,,
B0132F5KQI,,1.50,,,,,,,,,"Florette Sweet and Crunchy Salad, 250g",,,,
B0132G1XIQ,,4.00,,,,,,,,,"Rockstar Punched Guava Cans, 4 x 500 ml",,,,
B0132G3S66,,0.89,,,,,,,,,"Liberty Farm Medium Free Range Eggs, 6 pack",,,,
B0132G4G3U,,2.00,,,,,,,,,"Liberty Farm Mixed Weight Free Range Eggs, 15 pack",,,,
B013TH9DT4,2.10,1.50,,,,,,,,,"Buxton Sparkling Natural Mineral Water, 8x500ml",,,,
B013XCI9W2,3.15,3.00,,,,,,,,,"Method Bathroom Cleaner Spray, 828ml",,,,
B014DEJ554,,3.00,,,,,,,,,"San Pellegrino Lemon Sparkling Drink, 6 x 330ml",,,,
B014DFB9Q6,,2.00,,,,,,,,,Domestos Original Kills Germs and Viruses Thick Bleach Disinfectant 2 Litre,,,,
B014DFBSSU,,1.00,,,,,,,,,"Domestos Germ-Kill Pink Power Bleach, 750ml",,,,
B014DFPEJY,,0.80,,,,,,,,,"Pot Noodle Chicken and Mushroom Standard, 90g",,,,
B014DG5NKI,4.99,2.00,,,,,,,,,"Flash Universal Crisp Lemons Multi-Surface Cleaning Liquid, 1L",,,,
B014G2LSCQ,1.85,1.00,,,,,,,,,"Knorr Beef Stock Cubes, 8 x 10g",,,,
B014G3K0II,,2.25,,,,,,,,,"Billington's Demerara Unrefined Cane Sugar, 1kg",,,,
B014G3QCKS,,3.00,,,,,,,,,"Spontex Handy All-Purpose Cloths on a Roll, 40 Cloths",,,,
B014G50572,1.19,1.00,,,,,,,,,"Domestos Original Thick Bleach Disinfectant, 750ml",,,,
B014G52WGO,,2.00,,,,,,,,,"Blue Dragon Coconut Milk, 400ml",,,,
B014PCT3TW,5.39,3.40,,,,,,,,,"Yorkshire Tea, 160 Tea Bags",,,,
B014PCXI5M,13.64,12.00,,,,,,,,,"Catsan Hygiene Cat Litter White Hygiene, 20L",,,,
B0151IEJ9I,,4.50,,,,,,,,,"Nescafé Original Instant Coffee Jar, 300g",,,,
B0151IF0HI,,1.50,,,,,,,,,"Nestlé Tip Top Squirty Cream, 250g",,,,
B0151IFP1Y,,1.20,,,,,,,,,"Nestlé Carnation Evaporated Milk, 410g",,,,
B0152Y7826,,3.00,,,,,,,,,"San Pellegrino Orange Sparkling Drink, 6 x 330ml",,,,
B01562WNN8,,4.00,,,,,,,,,"Higgidy Spinach Feta and Red Pepper Quiche, 400g",,,,
B01582A2FM,1.59,1.25,,,,,,,,,"Patak's The Original Tikka Masala, 450g",,,,
B015CFC86G,1.50,1.00,,,,,,,,,"Bisto Chicken Gravy Granules, 170 g",,,,
B015DVUOYC,4.20,3.50,,,,,,,,,"Weetabix Cereal, Pack of 48 Biscuits",,,,
B015J4P33K,2.69,1.75,,,,,,,,,"Bounty Coconut Milk Chocolate Bar, 7 x 57g",,,,
B015J4PKP6,1.40,1.00,,,,,,,,,"Galaxy Milk Chocolate Block, 110g",,,,
B015J4V208,1.30,1.00,,,,,,,,,"Askeys Treat Toffee Sauce, 325g",,,,
B015J4W8U6,1.35,1.25,,,,,,,,,"Silver Spoon Granulated Sugar, 2kg",,,,
B015J4XSQ4,,1.39,,,,,,,,,"Tetley Original 40 Tea Bags, 250g",,,,
B015O535H0,1.50,1.00,,,,,,,,,"Walkers Salt and Vinegar Multipack Crisps, 6x25g",,,,
B015O5479A,2.19,1.36,,,,,,,,,"Sensations Thai Sweet Chilli Sharing Crisps, 150g",,,,
B015O57FQC,0.95,0.66,,,,,,,,,"Heinz Classic Cream of Tomato Soup, 400g",,,,
B015O5CUZ8,3.85,3.00,,,,,,,,,"Heinz Baked Beanz Tomato Sauce, 415g (Pack of 6)",,,,
B015O5I5MK,,2.50,,,,,,,,,"Heinz Tomato Ketchup, 910g",,,,
B015XSSCDA,,0.85,,,,,,,,,"Farm Folk Brown Onions, 1kg",,,,
B015XSSRNU,,0.85,,,,,,,,,"Farm Folk Large Red Onion, Pack of 3",,,,
B015XT9PGC,,0.43,,,,,,,,,Farm Folk Iceberg Lettuce,,,,
B015Z9QXQA,,4.49,,,,,,,,,"Corona Extra Beer, 4 x 330 ml",,,,
B015Z9RX3M,5.99,5.50,,,,,,,,,"Jacob's Creek Chardonnay, 750ml",,,,
B015ZKLF1M,,3.50,,,,,,,,,"Red Bull Sugar Free Energy Drink Cans, 4x250ml",,,,
B0160PQF7U,,0.82,,,,,,,,,Burgess Harvest Cauliflower,,,,
B0160PQOZS,,0.60,,,,,,,,,Burgess Harvest Savoy Cabbage,,,,
B0160PR2NQ,,1.63,,,,,,,,,"Burgess Harvest Trimmed Leeks, 500g",,,,
B0160PR74K,,0.69,,,,,,,,,"Burgess Harvest Baby Potatoes, 1kg",,,,
B0160PRFUG,,1.15,,,,,,,,,"Burgess Harvest White Potatoes, 2.5kg",,,,
B0160PRLWS,,1.20,,,,,,,,,"Burgess Harvest Courgette, Pack of 3",,,,
B0160PRM68,,0.60,,,,,,,,,"Burgess Harvest Parsnips, 500g",,,,
B0160PRQ6Y,,2.00,,,,,,,,,"Burgess Harvest Broccoli Florets, 400g",,,,
B01652JT08,,0.49,,,,,,,,,"Love Me Tender Mixed Chillies, 100g",,,,
B01652K1BY,,1.80,,,,,,,,,"Love Me Tender Fine Asparagus, 125g",,,,
B016BQPUKG,,1.80,,,,,,,,,"Fairy Original Washing Up Liquid Green with Liftaction, 780ml",,,,
B016IOQJK6,,1.99,,,,,,,,,"Robinsons Barley Water - Real Fruit Squash, Low Calorie - Lemon - 850 ml",,,,
B016IOUAYW,1.45,0.99,,,,,,,,,"Bacofoil Baking Paper Non-Stick Surface, 30cm x 5m",,,,
B016IOUGXC,5.99,1.56,,,,,,,,,"Bacofoil The Non-Stick Kitchen Foil, 30cmx5m",,,,
B016IOV4T2,2.00,1.90,,,,,,,,,"San Miguel Premium Cerveza Lager, 660ml",,,,
B016IOVK7S,,1.70,,,,,,,,,"Crabbie's Original Alcoholic Ginger Beer, 500 ml",,,,
B016IOXCPQ,,1.00,,,,,,,,,"Napolina Double Concentrate Tomato Puree, 142g",,,,
B016IOXL2K,,0.90,,,,,,,,,"Del Monte Peach Slices in Juice, 415g",,,,
B016IOYIJU,,2.00,,,,,,,,,"Napolina Chopped Tomatoes, 4 x 400g",,,,
B016IP74DQ,,1.00,,,,,,,,,Robinsons Fruit and Barley Orange - 1L,,,,
B016IP7T2W,,2.66,,,,,,,,,"J2O Fruit Blend Juice Drink, Apple and Mango, 4x275ml",,,,
B016IP7WOM,,2.66,,,,,,,,,"J2O Fruit Blend Juice Drin, 4 x 275ml",,,,
B016IP90VK,,0.80,,,,,,,,,"Sarsons Original Malt Vinegar, 250ml",,,,
B016IPA9W4,,1.60,,,,,,,,,"Hartleys Best Seedless Raspberry Jam, 340g",,,,
B016IPD6XS,2.00,1.77,,,,,,,,,"Rekorderlig Premium Mango and Raspberry Cider, 500ml",,,,
B016IPHLSE,,1.19,,,,,,,,,"McVitie's Rich Tea Biscuits, 300g",,,,
B016IPQL6M,1.79,1.60,,,,,,,,,"Kettle Chips Sea Salt & Balsamic Vinegar, 5x30g",,,,
B016IQ05L8,2.00,1.40,,,,,,,,,"Crisp 'N Dry Vegetable Oil, 1L",,,,
B016OVFULW,3.00,2.50,,,,,,,,,"Highland Spring Still Water , 12 x 500ml",,,,
B016OVGU5M,,3.00,,,,,,,,,"Highland Spring Still, 6 x 1.5L",,,,
B016OVH9WK,9.41,8.00,,,,,,,,,"Rocher Ferrero Rocher Chocolate Gift Box, 24 Chocolates",,,,
B016OVHCP4,,1.69,,,,,,,,,"Kinder Bueno Chocolate Twin Bars, 4 x 43 g",,,,
B016OVHP06,,1.75,,,,,,,,,"Kinder Surprise Chocolate Eggs, Pack of 3 Chocolate Eggs",,,,
B016OVQV56,,8.99,,,,,,,,,"Fish Hoek Sauvignon Blanc, 75cl",,,,
B016OVRH0E,,6.00,,,,,,,,,"Hardys Crest Cab Shiraz Merlot, 75cl",,,,
B016OVTM2A,,29.00,,,,,,,,,"Hendrick's Gin, 70cl",,,,
B016OW2C12,21.00,15.00,,,,,,,,,"Southern Comfort Original Liqueur with Whiskey, 70cl",,,,
B016UO7A2U,,1.70,,,,,,,,,"The Tomato Stall Market Fresh Vine Tomatoes, 450g",,,,
B016W1302U,,3.99,,,,,,,,,HALOODIES Halal Diced Chicken Breast Fillet Halal,,,,
B0171YG9UW,2.35,1.75,,,,,,,,,"Hellmann's Mayonnaise Real, 400g",,,,
B017A0AYE4,,0.75,,,,,,,,,"Paxo Sage and Onion Stuffing, 85g",,,,
B017A0JLQQ,,0.90,,,,,,,,,"Saxa Table Salt Drum, 750 g",,,,
B017A0KUES,2.25,1.90,,,,,,,,,"Oxo 24 Chicken Stock Cubes, 142g",,,,
B017A0MKE6,0.99,0.75,,,,,,,,,"Ambrosia Devon Custard, 400g",,,,
B017A0NCSY,,1.50,,,,,,,,,"Bisto Beef Reduced Salt Gravy Granules, 170 g",,,,
B017BJCQA4,6.49,4.00,,,,,,,,,"Kenco Smooth Instant Coffee, 200g",,,,
B017HLHKOS,2.71,2.00,,,,,,,,,PG tips Original Black Tea Pyramid Tea Bags v 80,,,,
B017KNZ65S,,9.50,,,,,,,,,"Bell's Blended Scotch Whisky, 35cl",,,,
B017KNZAPE,14.49,14.00,,,,,,,,,"Captain Morgan Spiced Gold Rum, 70cl",,,,
B017KO0V7A,1.69,1.46,,,,,,,,,Gordon's London Dry Gin with Tonic 250 ml Ready to Drink Premix Can,,,,
B017KO15MK,,4.75,,,,,,,,,Smirnoff Ice Original 4 x 275ml,,,,
B017NHMSR0,,5.60,,,,,,,,,"Gallo White Grenache Non Vintage, 75cl",,,,
B017NVFQQG,,2.00,,,,,,,,,"Robinsons Fruit Squash Orange, 1.75L",,,,
B017NVFT90,3.59,3.00,,,,,,,,,"7UP Sparkling Lemon and Lime Drink Cans, 6x330ml",,,,
B017NVG2CS,1.29,0.80,,,,,,,,,"R Whites Premium Lemonade, 2L",,,,
B017NVHMAY,,2.00,,,,,,,,,"Robinsons Fruit Squash Apple and Blackcurrant, 1.75L",,,,
B017NVHY1G,,2.50,,,,,,,,,"Tango Orange Soft Drink, 6x330ml",,,,
B017NVIKOQ,,2.00,,,,,,,,,"Robinsons Fruit Shoot Fruit Juice Apple, 8x200ml",,,,
B017NVIS0M,,2.50,,,,,,,,,"7UP Free, 330ml (6 Pack)",,,,
B017NVIXWA,4.28,4.00,,,,,,,,,"Diet Pepsi Cans, 12 x 330ml",,,,
B017P1R28E,22.33,18.00,,,,,,,,,"Jameson Irish Whiskey, 70cl",,,,
B017QJ4S6E,,0.55,,,,,,,,,"Morrisons Fusilli, 500 g",,,,
B017QJF70K,,0.55,,,,,,,,,"Morrisons Conchiglie, 500g",,,,
B017QUAQ1O,,19.22,,,,,,,,,"Lidgate's Topside Beef, 1kg",,,,
B017QUAVV4,,3.80,,,,,,,,,"Lidgate's Maple Smoked Streaky Bacon, 250g",,,,
B017VUSQNO,,9.40,,,,,,,,,"Herdsman 6 British Lamb Loin Chops, 600g",,,,
B017VUSUEE,,10.79,,,,,,,,,"Herdsman British Half Leg of Lamb Joint, 1.2kg",,,,
B017VW1IJ6,,3.38,,,,,,,,,"Herdsman British Lean Diced Beef, 450g",,,,
B017VW1IVY,,9.16,,,,,,,,,"Herdsman British Beef Roasting Joint, 1.05kg",,,,
B017VW1J9K,,20.08,,,,,,,,,"Herdsman British Beef Roasting Joint, 2.3kg",,,,
B017VW26QU,,6.08,,,,,,,,,"Herdsman British Rolled Brisket, 750g",,,,
B017VW2D0O,,4.54,,,,,,,,,"Herdsman British Sirloin Steak, 227g",,,,
B017VX6CT6,,3.90,,,,,,,,,"Herdsman British Ribeye Steak, 227g",,,,
B017X6QZRA,,2.15,,,,,,,,,"Simply Chicken British Thighs, 1.1Kg",,,,
B017X6R3B2,,3.20,,,,,,,,,Simply Chicken British Large Whole Plain Chicken 1.6Kg,,,,
B018ICPHSQ,,5.50,,,,,,,,,Mcguigan Black Pinot Grigio 75cl,,,,
B018M7GERK,,3.79,,,,,,,,,"PG Tips Original Everyday Pyramid Tea Bags, Pack of 240",,,,
B019I5CO9M,,9.49,,,,,,,,,"Russell's 4 Salmon Fillets With Skin On and Boneless, 500g",,,,
B01A6JYR6C,,8.00,,,,,,,,,"Volvic Still Mineral Water, 24x500ml",,,,
B01AUI1MF8,,1.00,,,,,,,,,"Morrisons Kitchen Italian Garlic Baguettes, 2 Baguettes, 420g",,,,
B01AWH5AUU,,1.25,,,,,,,,,"Morrisons Mayonnaise, 750ml",,,,
B01AWOJWQ6,,1.20,,,,,,,,,"Suncrop Produce Mixed Peppers, Pack of 3",,,,
B01AWOK9F4,,0.45,,,,,,,,,Suncrop Produce Cucumber Each,,,,
B01AWOKFJE,,0.74,,,,,,,,,"Suncrop Produce Salad Tomatoes, Pack of 6",,,,
B01AWOKKIK,,1.25,,,,,,,,,"Cherry Tomatoes, 500g",,,,
B01B80H2QA,,1.25,,,,,,,,,"Fentimans Ginger Beer, 275ml",,,,
B01B8F4XV2,,10.00,,,,,,,,,"Campo Viejo Rioja Reserva, 75cl",,,,
B01BKKVM0A,23.98,22.00,,,,,,,,,"Tilda Pure Original Basmati Rice, 10kg",,,,
B01BKOD9UC,,1.65,,,,,,,,,"Stute Diabetic Strawberry Jam, 430g",,,,
B01BM9I18U,,2.00,,,,,,,,,"Morrisons British Garden Peas, 1.5kg (Frozen)",,,,
B01BM9JFFS,,0.40,,,,,,,,,"Morrisons Savers Part Baked White Baguettes, 2 Baguettes",,,,
B01BMA83MI,,1.81,,,,,,,,,"Morrisons Pure Clear Honey, 454g",,,,
B01BNJ5Q46,,8.90,,,,,,,,,"Tate & Lyle's Icing Sugar, 3Kg",,,,
B01BNLR74G,,0.85,,,,,,,,,"Morrisons Apple Juice from Concentrate, 1L",,,,
B01BNLRA2K,,0.97,,,,,,,,,"Morrisons Orange Juice From Concentrate, 1L",,,,
B01BORK0O8,,0.75,,,,,,,,,"Morrisons Savers Family Size Facial Tissue, 226 Tissues",,,,
B01BOS3MJW,,12.06,,,,,,,,,"Morrisons Original Washing Up Liquid, 450ml",,,,
B01C5YJ58G,,1.50,,,,,,,,,"Morrisons Italian Penne, 500g",,,,
B01C5YJ59K,,1.00,,,,,,,,,"Morrisons Battered Onion Rings, 500g (Frozen)",,,,
B01CDUQIYQ,,0.85,,,,,,,,,"Morrisons Bacon Rashers, 150g",,,,
B01CDUR6GU,,0.70,,,,,,,,,"Morrisons Creamed Horseradish Sauce, 180g",,,,
B01CDUR6P6,,2.00,,,,,,,,,"Morrisons Ground Black Pepper, 100g",,,,
B01CDUROPI,,2.00,,,,,,,,,"Morrisons Beef Quarter Pounders with Onions, 454g (Frozen)",,,,
B01CDUSM5Y,,1.30,,,,,,,,,"Morrisons Hash Browns, 750g (Frozen)",,,,
B01CE1I32E,,2.00,,,,,,,,,"Morrisons 20 Irish Recipe Thick Pork Sausages, 1kg (Frozen)",,,,
B01CE30G68,1.00,0.99,,,,,,,,,"Smiths Chipsticks Salt and Vinegar, 136 g",,,,
B01CE3SCXC,4.49,3.50,,,,,,,,,Red Bull Energy Drink 4x250ml,,,,
B01CE6JECC,3.03,2.50,,,,,,,,,"Volvic Touch of Fruit Strawberry Flavoured Water, 6x500ml",,,,
B01CEOTN5W,,1.19,,,,,,,,,"Jacob's Original Cream Crackers, 300g",,,,
B01CHT7BOE,2.30,2.00,,,,,,,,,"Extra White Bubblemint Chewing Gum Bottle, 64 g",,,,
B01CJSC1HU,,1.00,,,,,,,,,"Morrisons Plain Tortilla Wraps, 8 Wraps",,,,
B01CJSP9GU,,2.50,,,,,,,,,"Morrisons Strong and Absorbent Kitchen Towel, 6 rolls",,,,
B01CNNQS1G,1.25,1.00,,,,,,,,,"Lotus Biscoff Original Caramelised Biscuit, 250g",,,,
B01CNSNSIM,,1.65,,,,,,,,,"Morrisons Vanilla Soft Scoop, 2 Litres (Frozen)",,,,
B01CSWTXOQ,,1.00,,,,,,,,,"Cadbury Dairy Milk Chocolate Bar Multipack, 4 x 36g",,,,
B01CSZQ5MQ,,3.70,,,,,,,,,"Lavazza Qualità Rossa Coffee Beans, 250g",,,,
B01CU5F9LM,,1.35,,,,,,,,,"Albert Bartlett Elfe Baking Potatoes, 700g",,,,
B01DBI0NP4,22.08,17.49,,,,,,,,,"Walkers Ready Salted Crisps Box, 32.5 g, Case of 32",,,,
B01DDEK9AU,,2.19,,,,,,,,,"Biona Tri-Color Fusilli, 500g",,,,
B01DJH6R20,,7.99,,,,,,,,,EPOSGEAR 57 x 40 mm Thermal Credit Card Till Roll (Pack of 20) - white,,,,
B01DPBBXSI,,1.50,,,,,,,,,"Alpro Original Oat Milk Alternative, 1L",,,,
B01DSRWJ7I,19.55,14.99,,,,,,,,,"Cafe Bronte Twin Mini Variety Biscuits,Pack of 100",,,,
B01E25T2Q6,2.00,1.50,,,,,,,,,"Walkers Crisps Wotsits Cheesy Multipack Snacks, 12x16.5g",,,,
B01EDMNWNW,1.40,1.00,,,,,,,,,"Dunns River Original Chocolate Nurishment, 400 g",,,,
B01EJK2ZN6,2.53,2.45,,,,,,,,,"Listerine Mouthwash, Cool Mint, 250 ml",,,,
B01ELP3S9O,,3.25,,,,,,,,,Silver Bay Point White Wine,,,,
B01ETAEQSS,,1.50,,,,,,,,,"Branston Baked Beans in Tomato Sauce, 4 x 410g",,,,
B01F3UIDA0,,1.75,,,,,,,,,"Hellmann's Chunky Burger Table Sauce, 250ml",,,,
B01F7DTT42,,1.00,,,,,,,,,"Morrisons Cheesy Slices, 200g",,,,
B01F8X71FA,14.00,11.00,,,,,,,,,"Birra Moretti Premium Italian Beer, 12 x 330ml",,,,
B01FFPGEGI,,12.50,,,,,,,,,"The Famous Grouse Blended Scotch Whisky, 70cl",,,,
B01FFPJSDY,,4.50,,,,,,,,,"Guinness Draught, 4 x 440ml",,,,
B01FFQ2M4A,,1.65,,,,,,,,,"Morrisons Breaded Chicken Steaks, Pack of 4 (Frozen)",,,,
B01FFQ2PZQ,,1.65,,,,,,,,,"Morrisons Southern Fried Chicken Steaks, 380g (Frozen)",,,,
B01FUGH3F8,2.28,2.00,,,,,,,,,"Napolina Spaghetti, 1kg",,,,
B01FW6NYEU,,1.00,,,,,,,,,"The Premium Ice Cube, 1kg (Frozen)",,,,
B01GC3WJJ8,,1.25,,,,,,,,,"Activia Intensely Creamy Strawberry Yoghurt, 4x110g",,,,
B01GCD03X2,,0.99,,,,,,,,,"Cheetos Puffs Cheese Snacks, 8 x 13g",,,,
B01GCD2NTE,,1.95,,,,,,,,,"Nicky Elite 3 Ply Quilted Toilet Tissue, 4 Rolls",,,,
B01GCQ5CG2,,1.65,,,,,,,,,"Country Life British Salted Butter, 250g",,,,
B01GFKMIWQ,4.75,4.00,,,,,,,,,"San Miguel Premium Lager, 4 x 330ml",,,,
B01H5DE2BM,3.99,2.00,,,,,,,,,"Heinz Seriously Good Mayonnaise, 800ml",,,,
B01HM3GDDK,,1.70,,,,,,,,,"Spontex Tough Scourer, Pack of 4",,,,
B01HZ6Y40S,43.00,17.00,,,,,,,,,"The Famous Grouse Blended Scotch Whisky, 1L",,,,
B01IB2SFWS,,1.75,,,,,,,,,"Morrisons Extra Mature White Cheddar, 250g",,,,
B01IBO1JUQ,,2.00,,,,,,,,,"Morrisons Mozzarella & Cheddar Grated Mix, 250g",,,,
B01IBO1NRA,,0.85,,,,,,,,,"Morrisons Cheese Balls, 150g",,,,
B01LCC8PYW,,1.50,,,,,,,,,"Kit Kat 4 Finger, 4 x 41.5g",,,,
B01LN43VDE,,8.75,,,,,,,,,"Gerard Bertrand Sauvignon Blanc White French Wine, 750ml",,,,
B01LQ6CX8I,,3.50,,,,,,,,,"Morrisons Smoked Gammon Joint, 750g",,,,
B01LQ6DV7K,,3.30,,,,,,,,,"Morrisons Even Softer Quilted Comfort Toilet Tissue, 9 Rolls",,,,
B01LTILQQ8,4.60,4.00,,,,,,,,,"San Miguel Beer, 4 x 440ml",,,,
B01LVX91CR,,2.95,,,,,,,,,"Morrisons Grated Mozzarella, 500g",,,,
B01LWC3COX,,5.00,,,,,,,,,"Castelliere Pinot Grigio, 75cl",,,,
B01LXWJB8V,8.95,6.67,,,,,,,,,Andrex Classic Clean Toilet Roll Tissue - 16 Toilet Rolls,,,,
B01LYLC5AM,2.20,2.00,,,,,,,,,"Rustlers The Flame Grilled Double Decker, 237g",,,,
B01LZNN79M,,1.00,,,,,,,,,Morrisons Plastic Forks,,,,
B01M3PRA72,,0.55,,,,,,,,,"Morrisons Linguine, 500g",,,,
B01M7NU13Q,,11.00,,,,,,,,,"Sourz Green Apple Liqueur, 70cl",,,,
B01M9FXY4C,,3.00,,,,,,,,,"Morrisons The Best Colombian Coffee, 227 g",,,,
B01MDP7PFF,,3.00,,,,,,,,,"Morrisons The Best 4 Scotch Beef Quarter Pounders, 454g (Frozen)",,,,
B01MRL7P4L,4.58,4.05,,,,,,,,,"Blossom Hill White Wine, 75cl",,,,
B01MTETLDT,,9.60,,,,,,,,,"Finish Dishwasher Tablets All in 1 Max Lemon, 80 Tabs",,,,
B01MUXTDH0,1.00,0.99,,,,,,,,,"Skips Tingly Prawn Cocktail Flavour Crisps, 6 x 13.1g",,,,
B01MXRIBKX,,0.85,,,,,,,,,"Morrisons Eat Smart Caesar Dressing, 250 ml",,,,
B01MY6EXB1,,0.85,,,,,,,,,"Morrisons Cranberry Juice Drink, 1 Litre",,,,
B01N0RW56G,,6.25,,,,,,,,,"Morrisons Chicken Breast Fillets, 1.5Kg (Frozen)",,,,
B01N21DJPS,,10.00,,,,,,,,,"Maschio Treviso Extra Dry Prosecco, 75cl",,,,
B01N5FVTKJ,,2.50,,,,,,,,,"Morrisons The Best Chunky Oven Chips, 1.5kg (Frozen)",,,,
B01N702006,,1.50,,,,,,,,,"Walkers Ready Salted Sharing Crisps, 175g",,,,
B01N7KSGMV,,1.85,,,,,,,,,"Morrisons Chocolate Fudge Cake, 450g (Frozen)",,,,
B01N9OJZ0P,,1.50,,,,,,,,,Morrisons 50 White Napkins,,,,
B01ND40714,,3.50,,,,,,,,,"Epiros Traditional Greek Feta Cheese, 200g",,,,
B06VST69K6,1.42,1.33,,,,,,,,,"McVitie's Digestives Milk Chocolate, 266g",,,,
B06XKW184P,,0.99,,,,,,,,,"Doritos Cool Original Tortilla Chips Bag, 180g",,,,
B06XZKZMJB,,1.25,,,,,,,,,"Irn-Bru Xtra Bottle, 2L",,,,
B06Y2BPH3V,,1.50,,,,,,,,,"Chef's Choice Clear Plastic Cups, 227 ml x 40 pack",,,,
B0714LLB2S,2.99,1.25,,,,,,,,,"Pringles Original Crisps, (1 x 200g tube)",,,,
B071DFRXJ9,,2.33,,,,,,,,,"Longley Farm Fresh Double Cream, 450ml",,,,
B071V633XZ,15.34,11.00,,,,,,,,,"Budweiser Lager Beer Bottles, 20 x 300ml",,,,
B072KZDGC4,,8.50,,,,,,,,,"Freixenet Cordon Negro Brut Cava Sparkling Wine, 75cl",,,,
B072P5YSYM,2.50,2.00,,,,,,,,,"Peperami Original Bunch Of 5s Pork, 112.5 g",,,,
B072PTWCFD,1.19,1.00,,,,,,,,,"Colman's Tartare Sauce, 144g",,,,
B0731B9JY1,,17.93,,,,,,,,,"Nescafé Azera Americano Instant Coffee Tin, 500g",,,,
B073RFXGVH,,0.90,,,,,,,,,"Morrisons The Best Sliced Brioche Buns, Pack of 4",,,,
B073VQS7ZZ,,5.00,,,,,,,,,"Plenty Kitchen Roll, Pack of 3",,,,
B073XN489K,,1.50,,,,,,,,,"Monaghan Mushrooms White Closed Cup Mushrooms, 500g",,,,
B073XP39JY,,0.86,,,,,,,,,"Monaghan Mushrooms Organic White Mushrooms, 250g",,,,
B0746MXD15,1.84,1.75,,,,,,,,,Plenty White Kitchen Roll 100 sheets,,,,
B074WYWW7B,,2.99,,,,,,,,,"McCain Crispy Skin On Fries, 800g (Frozen)",,,,
B0758F12XY,,5.00,,,,,,,,,"Nescafé Gold Blend Instant Coffee Signature Jar, 200g",,,,
B0758F2SL1,,21.99,,,,,,,,,"NESCAFÉ Original Instant Coffee Tub, 500 g",,,,
B075XNQNHJ,,1.35,,,,,,,,,"Booths Houmous, 300g",,,,
B075XP2KM3,,2.00,,,,,,,,,"Booths British Wafer Thin Honey Roast Ham, 180g",,,,
B075XPRWQN,,3.00,,,,,,,,,"Booths Red Leicester Cheese, 400g",,,,
B075XPRWZT,,3.00,,,,,,,,,"Booths Breakfast Tea Bags, 250g",,,,
B075ZZJBCR,,13.00,,,,,,,,,"Booths Chablis White Wine, 750ml",,,,
B0764HJ6HX,,3.50,,,,,,,,,"Booths 24 Month Matured Parmigiano Reggiano, 200g",,,,
B0764M6KPB,,3.20,,,,,,,,,"Booths 18 Month Matured Grana Padano, 200g",,,,
B076DDQFCN,6.29,4.05,,,,,,,,,"Herdsman British 12% Fat Beef Mince, 1kg",,,,
B076SRK4CQ,16.50,15.00,,,,,,,,,"Gordon's Premium Pink Distilled Gin, 70cl",,,,
B0773FK5PF,,4.50,,,,,,,,,"Booths British Unsmoked Back Bacon Twin Pack, 450g",,,,
B077GBDNDC,,2.00,,,,,,,,,Morrisons Premium Paper Plates 10 Pack,,,,
B077GCGMC3,,1.50,,,,,,,,,"Morrisons Cream Napkins, Pack of 50",,,,
B077GCKMVH,,1.00,,,,,,,,,Morrisons 50 Plastic Teaspoons,,,,
B078HSRTSK,,4.00,,,,,,,,,"Birds Eye 38 Crispy Chicken Dippers, 697g (Frozen)",,,,
B079C8BF9Y,3.00,2.00,,,,,,,,,"Walkers Ready Salted Multipack Crisps, 12x25g",,,,
B079P8B6BT,,6.00,,,,,,,,,"Finish Dishwasher Gel Shine and Protect, 700ml",,,,
B07B47HPN6,,1.10,,,,,,,,,"Booths Long Grain White Rice, 500 g",,,,
B07BMY8GQS,3.05,2.40,,,,,,,,,"Old Jamaica Old Jamaica Ginger Beer, 6 x 330ml",,,,
B07C1PX2V4,5.00,4.00,,,,,,,,,"Cushelle Ultra Quilted Toilet Rolls, 9 Rolls",,,,
B07C5T4H73,,4.00,,,,,,,,,"Morrisons Market Street Raw Peeled Argentinian Red Shrimp, 150g (Frozen)",,,,
B07C8XW7TT,,4.00,,,,,,,,,"Morrisons Large Prawns, 250 g (Frozen)",,,,
B07D3JT1T3,,3.70,,,,,,,,,"Catsan Hygiene Cat Litter, 5 Litre",,,,
B07FTPV3JR,,3.50,,,,,,,,,"Morrisons 6 Large White Fish Fillets, 690 g (Frozen)",,,,
B07G2JCHMK,1.88,1.70,,,,,,,,,"Jacob's Mini Cheddars Red Leicester Cheese Snacks, 6 x 25g",,,,
B07G5SY418,,4.00,,,,,,,,,"Morrisons Market St Raw Squid Rings, 300g (Frozen)",,,,
B07GJPK4G2,3.75,2.75,,,,,,,,,"Lurpak Softest Spreadable, 500g",,,,
B07GVQCXDJ,,3.97,,,,,,,,,"Fellside 4 Pork Loin Steaks, 480g",,,,
B07H51QNTL,5.00,3.50,,,,,,,,,"Princes Tuna Chunks in Brine Pack, 4x145g",,,,
B07K6GKHP4,3.00,2.25,,,,,,,,,"Buxton Still Natural Mineral Water, 12 x 500ml",,,,
B07KPTQ6CR,,20.00,,,,,,,,,I Heart Champagne 75cl,,,,
B07NHTS8YG,5.00,3.50,,,,,,,,,"John West Tuna Chunks in Brine, 4 x 145g",,,,
B07NM79RDZ,,1.30,,,,,,,,,"Longley Farm Whipping Cream, 250ml",,,,
B07P22DR6B,,8.50,,,,,,,,,"I Heart Prosecco, 75 cl",,,,
B07PFN86SZ,,2.80,,,,,,,,,"Windmill Hill Fruits Whf British Frozen Summer Fruits, 330g (Frozen)",,,,
B07PPVJZSR,4.50,3.00,,,,,,,,,"Birds Eye 4 Battered Cod Large Fillets, 440g (Frozen)",,,,
B07R4TGVQH,,2.50,,,,,,,,,"Lucozade Sport A.J. Fruit Punch Apple vs Raspberry, 4 x 500 ml",,,,
B07RHZ5NXT,0.68,0.50,,,,,,,,,"Müller Corner Peach and Apricot Yogurt, 143 g",,,,
B07W3M84RY,,1.00,,,,,,,,,JIF Lemon Lemon Juice 250 ML,,,,
B081F32241,,1.15,,,,,,,,,"Cadbury Dairy Milk Giant Chocolate Buttons Bag, 95 g",,,,
B081F35ZHF,,1.15,,,,,,,,,"Cadbury Dairy Milk Fruit and Nut Chocolate Bar, 95 g",,,,
B081F3C3YN,,1.00,,,,,,,,,"Cadbury Chocolate Eclairs, 130g",,,,
B081NT165T,,3.00,,,,,,,,,"Walkers Snack Foods Quavers Cheese Snacks, 24x16g",,,,
B08521KBBF,,0.80,,,,,,,,,"Fyffes Fairtrade Ripe & Ready Bananas, Pack of 5",,,,
B087554NXL,,1.35,,,,,,,,,"AMAZZING Seedless Red Grapes, 500 g",,,,
B0875597YZ,,1.50,,,,,,,,,"AMAZZING Oranges, Pack of 5",,,,
B08755JHLR,,1.50,,,,,,,,,AMAZZING Unwaxed Lemons - Pack of 5,,,,
