Brand,Amazon
Hovis Thick Sliced White Bread (1x800g),B000N1XPEY
Tea Towels Terry Check (1x10),B000NM75KI
ES Buttery Spread PMP 50p (24x250g),B000QU95XW
Pepsi Max PET PMP £1.89 (6x2lt),B000UE2YVE
CL Professional Extra Str Refuse Sacks (2x90),B0012344GK
Alpro Sweetened Soya Milk (8x1lt),B00133IMYO
CE FRZ Plain White Baps (1x48),B001B9527U
Peroni Nastro Azzurro Bottle (24x330ml),B001IP0SJY
Echo Falls White California (6x750ml),B001PTIRL4
Muller Wiseman Unsalted British Butter (20x250g),B001QIK82U
CL Peeled Plum Tomatoes (6x2.5kg),B002E2LSQ2
Whitworths Golden Syrup (1x7.26kg),B002E2LTUC
CL Plain Flour (4x3kg),B002E2ONPA
CL Self Raising Flour (4x3kg),B002E2SOEG
Campo Viejo Rioja Tempranillo Spain (6x750ml),B002NF3642
Cointreau (1x700ml),B002VPUPMA
Echo Falls Red California (6x750ml),B003022602
Becks Blue Alcohol Free Bier Bottle (24x275ml),B0030A10W4
Baileys Original Irish Cream (6x700ml),B003848SAY
Luxardo Dei Cesari Sambuca (1x700ml),B0038APT6Y
CL Extra Virgin Olive Oil (3x5lt),B003A8F2D4
Heinz Tomato Ketchup Top Down PMP £2.05 (10x460g),B003BQISA4
Grey Goose Vodka (1x700ml),B003TJM57K
Robinsons Fruit Shoot Apple & Blackcurrant Drink PET PMP 69p (12x275ml),B003U4BOZI
Oyster Bay Sauvignon Blanc New Zealand (6x750ml),B003XWP9O4
Kingsmill White Medium Bread (10x800g),B0042QQNJ0
Lurpak Slightly Salted Spreadable (12x250g),B0042QZQA2
Smirnoff Red Label Vodka (1x1.5lt),B00439VO6I
Jim Beam White Label Whiskey (1x700ml),B0043A0094
Courvoisier V.S. Cognac (1x1.5lt),B0043A4ISS
E&J Gallo FV White Zinfandel California (6x750ml),B0043XEQPU
Antica Sambuca Classic (1x700ml),B0045CGF0I
FRZ Own Label Green Beans (1x2.5kg),B004936U08
Oxford Landing Sauvignon Blanc Australia (6x750ml),B004942MRC
Nutella Hazelnut Chocolate Spread (6x400g),B004BFHRQ0
Whyte & Mackay Scotch Whisky PMP £14.49 (1x700ml),B004CYLQ62
Jose Cuervo Especial Gold Tequila (1x700ml),B004EAIWHA
MHV M Hubert Red French (6x750ml),B004IZOYRI
Yorkshire Tea Bags (1x1200),B004M31ZR8
ES Digestive Biscuits PMP 59p (1x400g),B004VD3RX4
Lakeland Salted Butter (1x250g),B004W81EPG
Magners Original Irish Cider Bottle (12x568ml),B004Z4PQCE
Irn Bru PET PMP 99p (12x500ml),B0052G8EYG
Holsten Pils Can PMP 4 for £5.99 (6x4x500ml),B0054E8S4C
Kumala Zenith Chenin Chardonnay South Africa (6x750ml),B0057P2D1C
Doritos Chilli Heatwave Chips (40x40g),B005EFU9X4
Duracell Plus AA Batteries (20x4),B005EJFLJC
San Andres Merlot Chile (6x750ml),B0062WTPA6
CL Orange Marmalade (4x3kg),B006DRNUGU
Bombay Sapphire Gin (6x700ml),B006VD2QFW
ES Chicken In Gravy Dog Food PMP £1 (6x1.24kg),B006WCDLI8
Innis Gunn Original Ale Bottle (12x330ml),B007OU31AU
Own Label Cranberry Sauce (1x2.5kg),B007YZ4TC4
Midland Snacks Pork Scratchings (12x45g),B0082L5WDY
Wolf Blass Yellow Label Cabernet Sauvignon Australia (6x750ml),B0083R6PDS
Breederpack Complete Food For Working Dogs (1x15kg),B0088YDCGY
Blossom Hill White Zinfandel California (6x750ml),B008HEWD7O
Walkers Cheese & Onion Crisps (48x32.5g),B008HF014U
Kopparberg With Strawberry & Lime Cider Bottle (15x500ml),B008HF26MK
Maltesers (40x37g),B008ODU3L6
Captain Morgan's Spiced Rum (6x1.5lt),B008RM8YOW
Nutella Hazelnut Chocolate Spread (1x3kg),B008TMIO2M
ES Jaffa Cakes PMP £1 (20x300g),B009DG6790
Kopparberg With Mixed Fruit Cider Bottle (15x500ml),B009LHTVQW
Casillero del Diablo Sauvignon Blanc Chile (6x750ml),B009S4WRXC
Marigold Extra Life Rubber Gloves Medium (1x6),B009YSEAU0
MHV Blau Liebfraumilch German (6x750ml),B009Z2GJCW
Heinz Tomato Ketchup PMP £1.35 (10x342g),B00AC2N56W
KTC Vegetable Oil (1x20lt),B00BVJKT6E
Messer Schmitt Herbal Liqueur (1x700ml),B00CKR1N8O
CL Summer Fruits NAS Squash (2x5lt),B00CL8O4X8
Cheddar Cheese Mature Coloured Lockerbie (1x5kg),B00CTVRRYU
CL Cling Film 300mmx300m (1x9),B00D3LR3YY
CE Honey Roast Ham (1x500g),B00DB5QTQ0
CL Plastic Shot Glasses (20x80),B00DQACIZG
Sharp's Doom Bar Ale Bottle (8x500ml) ,B00DTQE8ZA
Westons Vintage Cider (12x500ml),B00F2KUQ70
Jack Daniel's Whiskey & Cola Can (12x330ml),B00FXN0JUK
Clean Pro Sponge Scourers (24x5),B00G3ICOWU
Muller Wiseman Whole Milk (4x2lt),B00GKG2LHI
Lichfield Italian Espresso Beans (1x1kg),B00GSR4FLO
Carling Can (2x12x440ml),B00HFEQPXU
CL Burger Relish (6x1lt),B00HT9RBES
Coca Cola Can (24x330ml),B00IOPAUB2
Own Label Aluminium Foil 45cm x 90m (1x1),B00ISCQ948
ES Mild White Cheese PMP £2 (8x380g),B00ISCR8LG
CL FRZ Breaded Scampi (6x1.8kg),B00ISCSYXC
CL Oats (1x2kg),B00J7YH0B2
Desperados Bottle (8x3x330ml),B00K27XMVA
Casillero del Diablo Cabernet Sauvignon Chile (6x750ml),B00KL8LMHQ
Kuhne Whole Pickled Gherkins (1x2.45kg) ,B00LMHGZ0E
Flora Original Spread (1x2kg) ,B00LPPNRLS
CL Vegetable Stock Cubes (6x60g),B00LR1B8UC
Pepsi Cola Can (24x330ml),B00LTMV7TG
Chemin Chateauneuf du Pape France (6x750ml),B00M0NTMWM
CL Farfalle Pasta (4x3kg),B00M3QE4T2
FRZ Own Label Broccoli Florets (1x2.5kg),B00M7D33HU
Cirio Passata Tomato (1x1lt),B00N9UOBXK
CL Chilli Con Carne Cooking Sauce (4x2.15lt),B00O1SOHII
Edinburgh Rhubarb & Ginger Gin (6x500ml),B00OA6JDBM
Jagermeister Liqueur (1x700ml),B00OBDHSWK
Warner Edwards Victoria Rhubarb Gin (1x700ml),B00OCZXPLK
Pringles Sour Cream & Onion PMP 69p (12x40g),B00OZEOV9I
CL Bolognese Sauce (4x2.15lt),B00P1NPOXO
FRZ Own Label Quiche Lorraine (1x1.27kg),B00P295Y3W
FRZ Own Label Cauliflower Florets (1x2.5kg),B00PM3NMUK
Lucozade Energy Drink Orange PET PMP £1.99 (12x1lt),B00Q47QIK4
CL FRZ American Seasoned Burger (48x113g),B00QR1KNQM
Lucozade Energy Drink Orange PET (24x380ml),B00RXGOH3K
PG Tips Tea Bags (12x40),B00WQY688Q
Wrigley's Extra Peppermint Sugar Free Chewing Gum (30x15g),B00WUH9RP0
Xerox A4 White Box Copier Paper (12x20),B00X67JD6G
Haribo Starmix PMP £1 (12x180g),B00XBXBKM0
Own Label Glass Cleaner Spray (1x1lt),B00XHDT0RQ
Red Bull Can PMP £1.99 (12x473ml),B00XICDOTG
Cheddar Cheese Extra Mature Premium Taw Valley (1x1kg),B00XJAC83U
L Swallow Greek Style Yoghurt (6x200g),B00XJAHC86
Hardys Stamp Shiraz Cabernet Sauvignon Australia (6x750ml),B00Y3OIZ8S
Morlands Old Speckled Hen Ale Bottle (8x500ml),B00YOK6MJK
CE Unsmoked Gammon Steaks (2x227g),B00Z5ZN3RW
Kingsmill White Thick Bread (1x800g),B00Z6SJRC8
FRZ Own Label Potato Mash (1x2kg),B0111Y8FJ6
FRZ McCain Signatures Sweet Potato Fries (4x2.5kg) ,B0111YABRU
Florette Crispy Salad (4x500g),B0132F5KQI
Rockstar Energy Punched Guava Can PMP 99p (12x500ml),B0132G1XIQ
ES Mixed Eggs PMP £1 (8x6),B0132G3S66
CE Mixed Weight Eggs (1x18),B0132G4G3U
Ice Valley Sparkling Mineral Water PET (24x500ml) ,B013TH9DT4
Irn Bru Can (24x330ml),B013XBHGOA
Dettol Antibacterial Surface Cleaner Spray (6x750ml),B013XBN4X2
Own Label Bathroom Cleaner Spray (1x1lt),B013XCI9W2
San Pellegrino Sparkling Lemon Mineral Water Can (24x330ml),B014DEJ554
Kellogg's Rice Krispies PMP £2.99 (6x510g),B014DERTMU
Clean Pro Thick Bleach (3x5lt) ,B014DFB9Q6
CE Thin Bleach (3x5lt),B014DFBSSU
Pot Noodle Chicken & Mushroom PMP £1.19 (12x90g),B014DFPEJY
Flash Fresh Lemon Cleaning Liquid (1x5lt),B014DG5NKI
CL Beef Stock Cubes (6x60g),B014G2LSCQ
Silver Spoon Demerara Sugar (1x3kg),B014G3K0II
Clean Pro All Purpose Blue Cloths (1x100),B014G3QCKS
Domestos 24 Hr Original Bleach PMP £1 (9x750ml),B014G50572
KTC Coconut Milk (12x400ml),B014G52WGO
Yorkshire Tea Bags (5x80),B014PCT3TW
ES Cat Litter PMP £1.79 (1x8lt),B014PCXI5M
Nescafe Original Instant Coffee Granules (1x750g),B0151IEJ9I
CL UHT Cream Real Dairy (6x500g),B0151IF0HI
Carnation Evaporated Milk PMP £1.09 (12x410g),B0151IFP1Y
San Pellegrino Sparkling Orange Mineral Water Can (24x330ml),B0152Y7826
FRZ Own Label Mediterranean Vegetable Quiche (1x1.27kg),B01562WNN8
CL Tikka Masala Sauce (4x2.15lt),B01582A2FM
CL Chicken Gravy Granules (4x2kg),B015CFC86G
Weetabix PMP £2.99 (6x24),B015DVUOYC
Bounty Milk Chocolate Bar (24x57g),B015J4P33K
Galaxy Smooth Milk PMP £1 (24x110g),B015J4PKP6
Macphie OTT Chocolate Sauce (1x500g) ,B015J4V208
Whitworths Granulated Sugar (15x1kg),B015J4W8U6
Whitworths Caster Sugar (6x2kg),B015J4WBDU
Tetley Tea Bags (2x1100),B015J4XLU2
Tetley Tea Bags PMP £1.35 (12x40),B015J4XSQ4
Walkers Salt & Vinegar Crisps (48x32.5g),B015O535H0
Walkers Sensations Thai Sweet Chilli Crisps PMP £1 (15x65g),B015O5479A
Heinz Classic Cream Of Tomato Soup PMP 99p (24x400g),B015O57FQC
Heinz Baked Beanz PMP 79p (24x415g),B015O5CUZ8
Heinz Tomato Ketchup (6x1.35kg),B015O5I5MK
CE Cooking Onions (1x2.5kg),B015XSSCDA
Farm Fresh Red Onions (1x2.5kg),B015XSSRNU
Lettuce Iceberg (2x6),B015XT9PGC
Peroni Nastro Azzurro Bottle (6x4x330ml),B015Z9QCMK
Corona Bottle (12x330ml),B015Z9QXQA
Jacob's Creek Chardonnay Australia (6x750ml),B015Z9RX3M
Red Bull Sugar Free Can PMP £1.25 (24x250ml) ,B015ZKLF1M
Farm Fresh Cauliflower (1x1),B0160PQF7U
Farm Fresh Savoy Cabbage (1x1),B0160PQOZS
Farm Fresh Leeks (1x2kg),B0160PR2NQ
Potatoes Baby New (1x10kg) ,B0160PR74K
Potatoes White Washed (1x20kg) ,B0160PRFUG
Farm Fresh Courgettes (1x1kg),B0160PRLWS
Farm Fresh Parsnips (1x1.5kg),B0160PRM68
Farm Fresh Broccoli (1x1),B0160PRQ6Y
Farm Fresh Mixed Chillies (1x250g),B01652JT08
Farm Fresh Asparagus (1x6),B01652K1BY
Fairy Original Washing Up Liquid PMP £1.29 (10x433ml) ,B016BQPUKG
CL Lemon NAS Squash (2x5lt),B016IOQJK6
CL Prof Baking Parchment 50m (1x6),B016IOUAYW
HS Kitchen Foil 30cm x 7.5m PMP £1.29 (6x12),B016IOUGXC
San Miguel Bottle (8x660ml),B016IOV4T2
Crabbie's Original Alcoholic Ginger Beer Bottle (8x500ml),B016IOVK7S
CL Tomato Puree (1x2.2lt),B016IOXCPQ
Fontinella Peach Slices In Syrup (6x2.6kg),B016IOXL2K
CE Chopped Tomatoes (6x2.5kg),B016IOYIJU
HS Whole Orange Squash PMP 70p (12x1lt),B016IP74DQ
J2O Apple & Mango Juice Drink Bottle (12x275ml),B016IP7T2W
J2O Apple & Raspberry Juice Drink Bottle (12x275ml),B016IP7WOM
CE Malt Vinegar (4x5lt),B016IP90VK
CL Raspberry Preserve (4x3kg),B016IPA9W4
Rekorderlig Strawberry & Lime Cider Bottle (8x500ml),B016IPD6XS
Evian Still Mineral Water Sports Cap PET (12x750ml),B016IPF4EC
McVitie's Classic Rich Tea Biscuits PMP £1.29 (12x300g),B016IPHLSE
Kettle Chips Sea Salt And Balsamic Vinegar (18x40g),B016IPQL6M
Echo Falls White Zinfandel California (6x750ml),B016IPSTQM
ES Vegetable Oil PMP £1.25 (15x1lt),B016IQ05L8
Highland Spring Still Mineral Water PET (24x500ml),B016OVFULW
Highland Spring Still Mineral Water PET (12x1.5lt),B016OVGU5M
Ferrero Rocher Chocolates (5x200g),B016OVH9WK
Kinder Bueno (30x43g),B016OVHCP4
Kinder Surprise Chocolate Egg (48x20g),B016OVHP06
Echo Falls Red Fruit Fusion Raspberry & Cassis California (6x750ml),B016OVQTL2
The Secretary Bird Sauvignon Blanc South Africa PMP £6 (6x750ml),B016OVQV56
Hardys Crest Cabernet Shiraz Merlot Australia (6x750ml),B016OVRH0E
Hardys VR Chardonnay Australia (6x750ml),B016OVRN2Q
Hardys Bin 161 Shiraz Australia (6x750ml),B016OVRQFA
Kumala Zenith Merlot Cabernet Shiraz South Africa (6x750ml),B016OVS2XU
Waipapa Bay Sauvignon Blanc Marlborough New Zealand (6x750ml),B016OVS69K
Glenfiddich 12Yr Malt Whisky (1x700ml),B016OVSJ74
Hendrick's Gin (6x700ml),B016OVTM2A
Foster's Can PMP 4 For £4.50 (6x4x440ml),B016OVXKAA
John Smith's Extra Smooth Ale Can PMP 4 for £4.75 (6x4x440ml),B016OVY6WG
Kronenbourg 1664 Can PMP 4 for £4.50 (6x4x440ml) ,B016OVYER8
Strongbow Cider Can PMP 10 For £9 (2x10x440ml),B016OVYXME
Strongbow Dark Fruits Cider Can PMP 4 For £5.50 (6x4x440ml),B016OVZDY6
Jack Daniel's Whiskey (1x700ml),B016OW1XJ4
Southern Comfort PMP £18.99 (1x700ml),B016OW2C12
Farm Fresh Vine Tomatoes (1x2kg),B016UO7A2U
CE Diced Chicken Breast Fillet No Added Water (1x1kg),B016W1302U
Hellmann's Real Mayonnaise (1x5lt) ,B0171YG9UW
Cadbury Instant Hot Chocolate (Add Water) (6x2kg),B01787PUIY
Maynards Wine Gums PMP £1 (12x165g),B01787TGHU
CL Sage & Onion Stuffing (4x2kg),B017A0AYE4
HS Table Salt Drum PMP 59p (12x750g),B017A0JLQQ
CL Chicken Stock Cubes (6x60g),B017A0KUES
Ambrosia Devon Custard PMP £1 (12x400g),B017A0MKE6
Bisto Original Gravy Granules PMP £1.39 (12x170g),B017A0NCSY
Kenco Smooth Coffee (1x750g),B017BJCQA4
PG Tips Tea Bags PMP £2.65 (6x80),B017HLHKOS
Stella Artois Can (3x10x440ml),B017HO2MQG
Jacobite Scotch Whisky PMP £7.49 (6x350ml),B017KNZ65S
Bell's Original Scotch Whisky (6x700ml),B017KNZ7JI
Captain Morgan's Spiced Rum PMP £14.49 (1x700ml),B017KNZAPE
Gordon's Gin (6x700ml),B017KNZIR4
Smirnoff Red Label Vodka (24x350ml),B017KO06XO
Smirnoff Red Label Vodka (1x700ml),B017KO08HS
Gordon's Gin & Tonic Can PMP £1.69 (12x250ml),B017KO0V7A
Smirnoff Ice Bottle (24x275ml),B017KO15MK
E&J Gallo FV White Grenache California (6x750ml),B017NHMSR0
Villa Maria Sauvignon Blanc New Zealand (6x750ml),B017NHNMWK
Finca Las Vistosa Malbec Argentina (6x750ml),B017NHO8VE
Moet & Chandon Brut Imperial N.V. Champagne (1x750ml),B017NHON96
CL Orange Squash (1x5lt),B017NVFQQG
7 Up Can (24x330ml),B017NVFT90
R Whites Lemonade PET (8x2lt),B017NVG2CS
CL Apple & Blackcurrant NAS Squash (2x5lt),B017NVHMAY
Pepsi Max Can (24x330ml),B017NVHSF8
Diet Pepsi PET PMP £1.89 (6x2lt),B017NVHTY8
Tango Orange Can (24x330ml),B017NVHY1G
Robinsons Fruit Shoot Apple & Blackcurrant NAS Drink PET (12x275ml),B017NVIKOQ
7 Up Free Can (24x330ml),B017NVIS0M
Diet Pepsi Can (24x330ml),B017NVIXWA
Bacardi Carta Blanca White Rum PMP £15.99 (1x700ml),B017O1KS36
Bacardi Carta Blanca White Rum (1x1lt),B017O1KWNW
Jameson Irish Whiskey (1x700ml),B017P1R28E
Own Label Fusilli Pasta (4x3kg),B017QJ4S6E
CL Pasta Shells (4x3kg),B017QJF70K
Beef Imported Topside Per Kg (1x1),B017QUAQ1O
CL Bacon Smoked Streaky (1x1.5kg),B017QUAVV4
Fanta Orange PET PMP £1.85 or 2 For £2.89 (6x2lt),B017T4EW1W
Monster Energy Drink Can PMP £1.39 (12x500ml),B017T4FICE
Monster Energy Ripper Drink Can PMP £1.35 (12x500ml),B017T4FPRM
Relentless Energy Origin Drink Can PMP £1 (12x500ml),B017T4G3DW
Schweppes Lemonade PMP £1.49 (6x2lt),B017T4GTU4
Diet Coke PET PMP £1.75 (6x1.75lt),B017T4H88Q
Jack Daniel's Whiskey (1x1.5lt),B017UTB7BO
CL Lamb Loin Chops per kg (1x1),B017VUSQNO
FRZ Lamb Leg Bone-In New Zealand (1x22.6kg),B017VUSUEE
CE Diced Beef (6x3kg),B017VW1IJ6
Beef Roasting Joint (1x1kg),B017VW1IVY
Beef Rump Joints (1x3-4kg),B017VW1J9K
Half Rolled Brisket of Beef (1x20kg) ,B017VW26QU
CL Extra Mature Sirloin Per Kg (1x1),B017VW2D0O
Beef Rib Eye Joint (1x3kg),B017VX6CT6
CL Fresh Chicken Breast Fillets (1x2kg),B017X6QZQ6
CE Boneless Skinless Chicken Thighs (1x2.5kg),B017X6QZRA
FRZ Whole Chicken (1x1.2kg),B017X6R3B2
Scenic Ridge Pinot Grigio Australia (6x750ml),B018ICPHSQ
PG Tips Tea Bags (2x1150) ,B018M7GERK
Cadbury Drinking Chocolate (Add Milk) (6x2kg),B0197TMGU6
CE FRZ 10 Pacific Salmon Fillets (1x1.4kg),B019I5CO9M
Stella Artois Bottle (12x660ml),B019QG03IC
Volvic Still Natural Mineral Water PET (24x500ml),B01A6JYR6C
Jules Clairon Napolean Brandy (6x700ml),B01AHRK9PQ
HS FRZ Twin Garlic Baguettes PMP £1 (12x2),B01AUI1MF8
CE Mayonnaise (1x10lt),B01AWH5AUU
Glen's Vodka PMP £12.69 (6x700ml) ,B01AWH88YK
Farm Fresh Mixed Peppers (1x3),B01AWOJWQ6
Cucumber (1x12),B01AWOK9F4
Tomatoes Fresh (10x6) ,B01AWOKFJE
Tomatoes Cherry (6x800g),B01AWOKKIK
Jucee 100% Pure Apple Juice (18x200ml),B01B40C1Q0
Fentiman's Ginger Beer Bottle (12x275ml),B01B80H2QA
William Grant's Scotch Whisky (6x700ml),B01B8F39GW
Bodegas Rasillo Rioja Spain (6x750ml) ,B01B8F4XV2
Lucozade Energy Drink Original PET PMP £1 (24x380ml),B01BHVJQOG
Lucozade Sport Orange PET (6x4x500ml),B01BHVJRXG
Tohfa Basmati Rice (1x20kg),B01BKKVM0A
HS Strawberry Jam PMP £1.09 (6x454g),B01BKOD9UC
Tate & Lyle Caster Sugar (1x10kg),B01BLFMLO0
HS White Twin Baguette PMP 75p (15x300g),B01BM9GEQQ
CE FRZ Peas (1x2.5kg),B01BM9I18U
ES White Chocolate PMP 50p (26x90g),B01BM9IX6U
FRZ Own Label Part Baked Parisian Baguette (24x460g),B01BM9JFFS
HS Onion Rings PMP 59p or 2 For £1 (14x75g),B01BM9USWW
"Mission Tortilla Wrap 10"" (1x8)",B01BM9W1OK
HS Clear Honey PMP £2.15 (6x454g),B01BMA83MI
WKD Original Vodka Blue Bottle (6x700ml),B01BN7ACRY
Whitworths Icing Sugar (4x2.5kg),B01BNJ5Q46
CE Coffee Granules (1x750g),B01BNLDGKU
CL Spanish Green Olives (1x4.3kg) ,B01BNLEE6A
Carters Royal Soda Water (6x1lt),B01BNLNTQG
ES Apple Juice PMP £1 (12x1lt),B01BNLR74G
Sunpride Orange Juice (6x1lt),B01BNLRA2K
ES Family Tissues PMP 50p (1x100),B01BORK0O8
CE Washing Up Liquid (3x5lt),B01BOS3MJW
Cadbury Fudge PMP 25p (60x25g),B01BTMG2QI
HS Penne Pasta PMP 79p (6x500g),B01C5YJ58G
FRZ Own Label Battered Onion Rings (1x750g),B01C5YJ59K
FRZ Universal Chicken Goujons (1x1kg),B01C5YK18O
HS Bacon Rashers PMP 59p or 2 For £1 (14x75g),B01CDUQIYQ
Own Label Horseradish Sauce (1x2.15lt),B01CDUR6GU
CL Ground Black Pepper (1x500g),B01CDUR6P6
CE FRZ Quarter Pound Burgers (40x113g),B01CDUROPI
CL FRZ Hash Browns (6x1.36kg),B01CDUSM5Y
CE FRZ Sausages (6x50),B01CE1I32E
HS Salt Vinegar Sticks PMP 59p or 2 For £1 (14x75g),B01CE30G68
Red Bull Can (24x250ml),B01CE3SCXC
Volvic Touch Of Fruit Strawberry Mineral Water PET (12x500ml),B01CE6JECC
Own Label Biscuits For Cheese (6x1kg),B01CEOTN5W
Dr Pepper PET PMP £1.85 or 2 For £2.89 (6x2lt),B01CHSG268
Wrigley's Extra White Bubblemint Chewing Gum (30x10),B01CHT7BOE
"Mission Tortilla Wrap 12"" (1x8)",B01CJSC1HU
Blossom Soft Kitchen Towel (3x8),B01CJSP9GU
Lotus Original Caramelised Biscuits (1x300),B01CNNQS1G
Coca Cola PET (8x1.5lt),B01CNNSGCA
CL Vanilla Ice Cream (6x4lt),B01CNSNSIM
Cadbury Dairy Milk (48x45g),B01CSWTXOQ
Lavazza Qualita Rossa Coffee Beans (1x1kg),B01CSZQ5MQ
Polo Original Mints (48x34g),B01CSZXVO6
Baking Potatoes (1x15kg),B01CU5F9LM
Yazoo Chocolate Flavour Milkshake PET PMP £1 (10x400ml),B01CUHN91W
Walkers Ready Salted Crisps PMP 59p (32x32.5g),B01DBI0NP4
CL Tricolore Pasta Twists (4x3kg),B01DDEK9AU
Pink Thermal Chip & Pin Till Rolls 57mm x 40mm x 17.8m (5x10),B01DJH6R20
Alpro For Professionals Oat Organic Soya Milk (8x1lt),B01DPBBXSI
Lichfield Luxury Biscuit Packs (100x2s),B01DSRWJ7I
Wotsits PMP £1 (15x50g),B01E25T2Q6
Nurishment Strawberry Flavour Milk Drink PMP £1.10 (12x400g),B01EDMNWNW
Listerine Cool Mint Mouthwash (6x250ml),B01EJK2ZN6
Copper Beach White British (6x750ml),B01ELP3S9O
Peroni Nastro Azzurro Bottle (12x620ml),B01EMSR5OY
CL Baked Beans (6x2.6kg),B01ETAEQSS
Stella Artois Can (24x568ml),B01EYKXQE8
CL Burger Sauce (6x1lt),B01F3UIDA0
CE Cheese Slices 112 (8x1.4kg),B01F7DTT42
Birra Moretti Bottle (24x330ml),B01F8X71FA
The Famous Grouse Scotch Whisky (6x700ml),B01FFPGEGI
Guinness Draught Stout Can PMP 4 For £4.99 (6x4x440ml),B01FFPJSDY
CE FRZ Battered Chicken Steaks (1x1.7kg),B01FFQ2M4A
FRZ Own Label Southern Fried Chicken Fillets (1x2kg),B01FFQ2PZQ
CL Short Spaghetti (4x3kg),B01FUGH3F8
Party Ice Cubes (6x2.27kg),B01FW6NYEU
Malibu (1x700ml),B01G6O50O4
Warburtons Crumpets (1x6),B01G8T616S
DTC Extra Creamy Mixed Yoghurt PMP 49p or 3 For £1.20 (20x150g),B01GC3WJJ8
Cheetos Twisted Flamin' Hot Flavour Snack PMP £1 (15x65g),B01GCD03X2
Blossom Soft White Toilet Tissue (1x24),B01GCD2NTE
Muller Wiseman Salted British Butter (20x250g),B01GCQ5CG2
Elmlea Double Cream (6x284ml),B01GCQ5EQK
San Miguel Bottle (24x330ml),B01GFKMIWQ
Hellmann's Real Mayonnaise (12x400g),B01H5DD7U4
CL Thick & Creamy Mayonnaise (1x5lt),B01H5DE2BM
Clean Pro Zinc Coated Scourer Medium (18x10),B01HM3GDDK
The Famous Grouse Scotch Whisky (1x1.5lt),B01HZ6Y40S
Gordon's Gin (1x1.5lt),B01HZ6YAUW
HS Mature Cheddar PMP £1.69 (8x200g),B01IB2SFWS
Chekov Imperial Vodka (1x700ml),B01IB2SLHC
CL Tomato Ketchup (6x1lt),B01IBO0ONE
CL Grated Mozzarella & Cheddar Mix (6x2kg),B01IBO1JUQ
CE Grated Mild White Cheese (6x2kg),B01IBO1K82
HS Cheese Puffs PMP 59p or 2 For £1 (12x75g),B01IBO1NRA
Kellogg's Corn Flakes PMP £2.99 (6x550g) ,B01IEKLPQA
Kit Kat 4 Finger (48x41g) ,B01LCC8PYW
Mr Freeze Ice Pops (80x90ml),B01LF30AD2
MHV M Hubert Medium Dry White French (6x750ml),B01LN43VDE
CE Boneless Rind On Unsmoked Gammon Joint (1x1kg),B01LQ6CX8I
CE Toilet Tissue (1x18),B01LQ6DV7K
Swede Fresh (1x8),B01LQ6EWQ4
San Miguel Can PMP 4 For £6.59 (6x4x500ml),B01LTILQQ8
Fiorello Italianissimo Grated Mozzarella Cheese (1x2kg),B01LVX91CR
Distant Vines Pinot Grigio (6x750ml) ,B01LWC3COX
Andrex Puppies On A Roll Toilet Tissue (1x24) ,B01LXWJB8V
Rustlers The Flame Grilled Quarter Pounder PMP £2 (4x190g),B01LYLC5AM
Vino Spumante Prosecco Extra Dry (12x200ml),B01LZ41830
CE Plastic Forks (10x250),B01LZNN79M
CL Linguine (4x3kg),B01M3PRA72
Sourz Apple Liqueur (6x700ml),B01M7NU13Q
Lichfield Original Ground Coffee (1x500g),B01M9FXY4C
FRZ Own Label Gourmet Beef Burger (30x170g),B01MDP7PFF
Yellow Tail Shiraz Australia (6x750ml),B01MQJUMVD
Blossom Hill White California (6x750ml),B01MRL7P4L
Valencia Red Wine Spain (6x750ml),B01MSID7A6
Finish Powerball Classic Dishwasher Tablets (1x110) ,B01MTETL9P
Finish Powerball All In 1 Lemon Dishwasher Tablets (1x84) ,B01MTETLDT
Skips Prawn Cocktail Flavour PMP £1 (14x45g),B01MUXTDH0
CL Caesar Dressing (1x2.15lt),B01MXRIBKX
ES Cranberry Juice PMP £1 (12x1lt),B01MY6EXB1
FRZ Chicken Fillets 80% (1x10kg),B01N0RW56G
Vino Spumante Prosecco Extra Dry (6x750ml),B01N21DJPS
McGuigan Black Label Red Australia (6x750ml),B01N4KI2XY
CL FRZ Steak Cut Chips (6x2.27kg),B01N5FVTKJ
Walkers Ready Salted Crisps PMP £1 (15x65g),B01N702006
FRZ Own Label Chocolate Fudge Cake (1x14ptn),B01N7KSGMV
Bulmers Red Berries & Lime Cider Bottle (12x568ml),B01N7SRAS5
HS Sweetcorn in Water PMP 75p (12x340g),B01N9CSM5M
CE Napkins 1Ply White (10x500),B01N9OJZ0P
Yellow Tail Merlot Australia (6x750ml),B01NA6ENBN
Hotos Feta Cheese (1x200g),B01ND40714
McVitie's Digestives Milk Chocolate Biscuits PMP £1.65 (15x266g),B06VST69K6
Stella Artois Bottle PMP 6 for £6 (4x6x284ml),B06XDBZG3T
Maltesers Treat Bag PMP £1 (24x68g),B06XGMVY77
Doritos Cool Original Chips PMP £1 (15x70g),B06XKW184P
Doritos Tangy Cheese Chips PMP £1 (15x70g),B06XNM565L
Irn Bru PET PMP £1.59 (6x2lt) ,B06XZKZMJB
Monster Energy Ultra Sugar Free Drink Can PMP £1.19 (12x500ml),B06Y25N8S4
CL Tumblers 10oz (20x50),B06Y2BPH3V
Regimental Fine Ruby Port (6x750ml),B0711KDDZX
Mateus Rose Portugal (6x750ml),B0714D3H3H
Pringles Original PMP £2.49 (6x200g),B0714LLB2S
Muller Wiseman Double Cream (1x2.27lt),B071DFRXJ9
Own Label Antibacterial Liquid Hand Soap (1x5lt),B071JLT4VF
Fanta Orange Can (24x330ml),B071SFPNJX
Budweiser Bottle (15x300ml),B071V633XZ
Cobra Bottle (12x660ml),B072FN5RKT
Pringles Sour Cream & Onion PMP £2.49 (6x200g),B072JMPWG8
Marques De La Sardana Cava Brut (6x750ml),B072KZDGC4
Peperami Firestick Pork Salami Sausage PMP 79p (24x22.5g),B072P5YSYM
Own Label Tartare Sauce (4x2.2lt),B072PTWCFD
Pringles Texas BBQ Sauce PMP £2.49 (6x200g),B072Q6HDHQ
Nescafe Azera Americano Coffee (3x500g),B0731B9JY1
Nescafe Gold Blend Instant Coffee (6x750g),B0731CJK5D
St Pierre Sliced Brioche Burger Buns (7x6),B073RFXGVH
Plenty Kitchen Towel White (5x2Pk),B073VQS7ZZ
Farm Fresh Closed Cup Mushrooms (4x2.5kg),B073XN489K
Farm Fresh Mushrooms (1x2.5kg),B073XP39JY
HS Kitchen Towel Jumbo PMP £1 (1x1),B0746MXD15
Mionetto Prosecco (6x750ml),B074QYK77D
FRZ Own Label Skin On 3/8 French Fries (4x2.5kg) ,B074WYWW7B
Nescafe Gold Blend Instant Coffee (12x100g),B0758F12XY
Nescafe Original Instant Coffee Granules (3x1kg),B0758F2SL1
Becks Bier Bottle (24x275ml),B075NC29KR
CL Houmous (1x500g),B075XNQNHJ
ES Sliced Ham PMP £1 (8x140g),B075XP2KM3
CL Red Leicester Cheese (1x1kg),B075XPRWQN
CL Tea Bags 1 Cup (2x1100),B075XPRWZT
R.M. Curtis Ground Almonds (1x1kg) ,B075XQ66WZ
Own Label Natural Breadcrumbs (1x2.75kg) ,B075XQ9R3N
Henri La Fontaine Chablis France (6x750ml),B075ZZJBCR
Parmigiano Reggiano Cheese (1x500g),B0764HJ6HX
Grana Padano Wedge (1x1kg) ,B0764M6KPB
CE Minced Beef (1x2kg),B076DDQFCN
CL Lean Minced Beef UK per kg (1x1),B076DFG9ZT
Gordon's Pink Distilled Gin (6x700ml),B076SRK4CQ
CE Smoked Rindless Back Bacon (5x2kg),B0773FK5PF
CE Knives (1x250),B077FZXCSZ
CE White Plates (1x250),B077GBDNDC
CL 200 2 Ply White Napkins 33cm Square (10x200),B077GCGMC3
CE Coffee Spoons (1x500),B077GCKMVH
FRZ Own Label Crispy Chicken Fillets (1x2kg),B078HSRTSK
Walkers Ready Salted Crisps (48x32.5g),B079C8BF9Y
CL Prof Dishwasher Liquid (1x10lt),B079P8B6BT
CL Coleslaw (1x2kg),B07B41WLBT
HS Long Grain Rice PMP 89p (12x500g),B07B47HPN6
Eghoyan Bakery White Pitta Bread (1x6),B07B7QQP75
Diet Coke Can (24x330ml),B07BBW9B7N
Kellogg's Coco Pops PMP £2.99 (5x510g),B07BH8414W
Old Jamaica Ginger Beer Can (24x330ml),B07BMY8GQS
Cushelle White Toilet Tissue (1x24),B07C1PX2V4
FRZ Ocean Pearl Raw King Prawns 21/25 (1x1kg),B07C5T4H73
CL FRZ North Atlantic Prawns (1x2.5kg),B07C8XW7TT
ES Cat Litter PMP £1 (4x4lt),B07D3JT1T3
CE FRZ Whitefish Fillet 170-220g (10x1kg),B07FTPV3JR
Mini Cheddars Original Carded (12x35g),B07G2JCHMK
FRZ Ocean Pearl Squid Tubes (1x1kg),B07G5SY418
Lurpak Slightly Salted Spreadable (1x1kg),B07GJPK4G2
Pork Loin Fresh Boneless Imported Per Kg (1x1),B07GVQCXDJ
ES Tuna Flakes In Brine PMP 75p (1x185g),B07H51QNTL
Coca Cola Zero Can (24x330ml),B07J1SPJ2N
Buxton Still Mineral Water PET PMP 24 For 20 (24x500ml),B07K6GKHP4
Paul Langier Brut N.V. Champagne (6x750ml),B07KPTQ6CR
CE Tuna Flakes In Brine (1x1.7kg),B07NHTS8YG
Muller Wiseman Whipping Cream (1x2.27lt),B07NM79RDZ
Prosecco Cardinali (6x750ml),B07P22DR6B
FRZ Greens Summer Berry Mix (1x1kg),B07PFN86SZ
FRZ Three Oceans Battered Cod Fillets (12x140-170g),B07PPVJZSR
Dr Pepper Can (24x330ml),B07Q872F5Y
Kellogg's Corn Flakes Bulk Pack (1x10kg),B07QHP45CW
ES Isotonic Sport Tropical Drink PMP 50p (12x500ml),B07R4TGVQH
Muller Fruit Corner Yoghurt Mixed Case (12x150g),B07RHZ5NXT
ES Summer Fruits Drink PET PMP 50p (12x500ml),B07T1V3QBD
Haribo Giant Strawbs PMP 5p (6x120),B07TXPXJVR
CL Lemon Juice (1x1lt),B07W3M84RY
Cadbury Dairy Milk Giant Chocolate Buttons PMP £1 (10x95g),B081F32241
Cadbury Dairy Milk Fruit & Nut PMP £1 (17x95g),B081F35ZHF
Cadbury Eclairs PMP £1 (12x130g),B081F3C3YN
Quavers (48x20.5g),B081NT165T
ES Semi Skimmed Milk PMP £1 (6x1.5lt),B081YVZSN5
Farm Fresh Bananas PMP (20x6),B08521KBBF
Farm Fresh Crimson Red Grapes (1x500g),B087554NXL
Farm Fresh Oranges (1x6),B0875597YZ
Lemons (10x10) ,B08755JHLR
CL 100 Disp Blue Gloves Medium (10x100),B087DMXKYC
HS FRZ Crinkle Cut Chips PMP £1 (1x750g),B087FPMC6J
FRZ Ocean Pearl Cooked Peeled King Prawns With Tails (1x908g),B08B2BP7QN
